date,description,category,amount
25-11-24,Dominos Estore Ermingt dominos.comaAUClick for details,,-71.24
25-11-24,WOOLWORTHS 1366 ERMINGTON AUClick for details,,-225.39
25-11-24,WOOLWORTHS 1366 ERMINGTON AUClick for details,,-5.50
25-11-24,WOOLWORTHS 1366 ERMINGTON AUClick for details,,-19.00
25-11-24,SP NUVEBRAND.COM PLOIESTI ROClick for details,,-89.00
25-11-24,WITHDRAWAL MOBILE 04115079 BPAY COLES MASTClick for details,,-964.42
25-11-24,WITHDRAWAL MOBILE 1617873 TFR Westpac ChoClick for details,,-100.00
25-11-23,ALDI STORES RYDALMERE NSWAUClick for details,,-548.70
25-11-23,ALDI STORES RYDALMERE NSWAUClick for details,,-27.97
25-11-23,BUNNINGS RYDALMERE 733RYDALMERE NSWAUClick for details,,-69.00
25-11-23,BUNNINGS RYDALMERE 733RYDALMERE NSWAUClick for details,,-77.91
25-11-21,PAYMENT BY AUTHORITY TO PAYPAL AUSTRALIA 1046328164123Click for details,,-50.00
25-11-21,PAYMENT BY AUTHORITY TO AustralianSuper 2846177569Click for details,,-200.00
25-11-21,EFTPOS DEBIT 0908658 ALDI STORES 4092 RYDALMERE 20/11Click for details,,-18.35
25-11-21,EFTPOS DEBIT 0908654 ALDI STORES 4092 RYDALMERE 20/11Click for details,,-13.68
25-11-21,EFTPOS DEBIT 0901029 ALDI STORES 4092 RYDALMERE 20/11Click for details,,-33.49
25-11-21,DEBIT CARD PURCHASE Audible Limited AU MELBOURNE AUSClick for details,,-16.45
25-11-21,DEBIT CARD PURCHASE EASTERN SUBURBS PHARMA DUNDAS AUSClick for details,,-13.49
25-11-20,PAYMENT BY AUTHORITY TO PAYPAL AUSTRALIA 1046319065190Click for details,,-14.99
25-11-20,EFTPOS DEBIT 0008492 BUNNINGS RYDALMERE 7 33RYDALMERE 20/11Click for details,,-70.88
25-11-20,DEBIT CARD PURCHASE Afterpay afterpay.com AUSClick for details,,-87.95